Id,Name,Type,Picture,Price,Recommended,Link
1,ATX ZALMAN i3 черный,Midi-Tower,https://items.s1.citilink.ru/1071135_v01_m.jpg,3710,0,https://www.citilink.ru/product/korpus-atx-zalman-i3-midi-tower-bez-bp-chernyi-1071135/
2,mATX AEROCOOL Cylon Mini черный,Mini-Tower,https://items.s1.citilink.ru/1076328_v01_m.jpg,3600,0,https://www.citilink.ru/product/korpus-matx-aerocool-cylon-mini-mini-tower-bez-bp-chernyi-1076328/
3,ATX ZALMAN S2 черный,Midi-Tower,https://items.s1.citilink.ru/1112667_v01_m.jpg,3370,0,https://www.citilink.ru/product/korpus-atx-zalman-s2-midi-tower-bez-bp-chernyi-1112667/
4,ATX ACCORD ACC-B305 черный,Midi-Tower,https://items.s1.citilink.ru/338585_v01_m.jpg,2470,0,https://www.citilink.ru/product/korpus-atx-accord-acc-b305-midi-tower-bez-bp-chernyi-338585/
5,ATX ZALMAN S3 черный,Midi-Tower,https://items.s1.citilink.ru/1112926_v01_m.jpg,2590,0,https://www.citilink.ru/product/korpus-atx-zalman-s3-midi-tower-bez-bp-chernyi-1112926/
6,ATX ACCORD SKY-01 черный,Midi-Tower,https://items.s1.citilink.ru/405924_v01_m.jpg,2230,0,https://www.citilink.ru/product/korpus-atx-accord-sky-01-midi-tower-bez-bp-chernyi-405924/
7,mATX LINKWORLD VC-13M171 черный,Micro-Tower,https://items.s1.citilink.ru/1169262_v01_m.jpg,2080,0,https://www.citilink.ru/product/korpus-matx-linkworld-vc-13m171-micro-tower-bez-bp-chernyi-1169262/
8,mATX AEROCOOL Qs-240 черный,Micro-Tower,https://items.s1.citilink.ru/338858_v01_m.jpg,3270,0,https://www.citilink.ru/product/korpus-matx-aerocool-qs-240-micro-tower-bez-bp-chernyi-338858/
9,mATX LINKWORLD VC-13M35 черный,Micro-Tower,https://items.s1.citilink.ru/437206_v01_m.jpg,2080,0,https://www.citilink.ru/product/korpus-matx-linkworld-vc-13m35-micro-tower-bez-bp-chernyi-437206/
10,ATX ZALMAN N2 черный,Midi-Tower,https://items.s1.citilink.ru/1023941_v01_m.jpg,2800,0,https://www.citilink.ru/product/korpus-atx-zalman-n2-midi-tower-bez-bp-chernyi-1023941/
11,ATX AEROCOOL Aero One Frost-G-WT-v1 белый,Midi-Tower,https://items.s1.citilink.ru/1184773_v01_m.jpg,4820,0,https://www.citilink.ru/product/korpus-atx-aerocool-aero-one-frost-g-wt-v1-midi-tower-bez-bp-belyi-1184773/
12,mATX FORMULA GM-706W белый,Mini-Tower,https://items.s1.citilink.ru/1075776_v01_m.jpg,3120,0,https://www.citilink.ru/product/korpus-matx-formula-gm-706w-mini-tower-bez-bp-belyi-1075776/
13,mATX ACCORD ACC-B022 черный,Midi-Tower,https://items.s1.citilink.ru/387596_v01_m.jpg,2330,0,https://www.citilink.ru/product/korpus-matx-accord-acc-b022-midi-tower-bez-bp-chernyi-387596/
14,ATX FORMULA CL-3302W RGB белый,Midi-Tower,https://items.s1.citilink.ru/1169766_v01_m.jpg,3970,0,https://www.citilink.ru/product/korpus-atx-formula-cl-3302w-rgb-midi-tower-bez-bp-belyi-1169766/
15,ATX AEROCOOL Menace Saturn FRGB-G-BK-v1 черный,Midi-Tower,https://items.s1.citilink.ru/1217779_v01_m.jpg,3270,0,https://www.citilink.ru/product/korpus-aerocool-menace-saturn-frgb-g-bk-v1-chernyi-bez-bp-atx-4x120mm-1217779/
16,ATX ZALMAN N5 MF черный,Midi-Tower,https://items.s1.citilink.ru/1365631_v01_m.jpg,3630,0,https://www.citilink.ru/product/korpus-zalman-n5-mf-chernyi-bez-bp-atx-3x120mm-2xusb2-0-1xusb3-0-audio-1365631/
17,ATX ACCORD ACC-B301 черный,Mini-Tower,https://items.s1.citilink.ru/338580_v01_m.jpg,2450,0,https://www.citilink.ru/product/korpus-atx-accord-acc-b301-mini-tower-bez-bp-chernyi-338580/
18,mATX ACCORD ACC-B021 черный,Mini-Tower,https://items.s1.citilink.ru/387597_v01_m.jpg,2220,0,https://www.citilink.ru/product/korpus-matx-accord-acc-b021-mini-tower-bez-bp-chernyi-387597/
19,ATX AEROCOOL Cylon черный,Midi-Tower,https://items.s1.citilink.ru/1060189_v01_m.jpg,3570,0,https://www.citilink.ru/product/korpus-atx-aerocool-cylon-midi-tower-bez-bp-chernyi-1060189/
20,ATX AEROCOOL Aero One Frost-G-BK-v1 черный,Midi-Tower,https://items.s1.citilink.ru/1184769_v01_m.jpg,4820,0,https://www.citilink.ru/product/korpus-atx-aerocool-aero-one-frost-g-bk-v1-midi-tower-bez-bp-chernyi-1184769/
21,ATX AEROCOOL Streak-A-BK-v1 черный,Midi-Tower,https://items.s1.citilink.ru/1137447_v01_m.jpg,3490,0,https://www.citilink.ru/product/korpus-atx-aerocool-streak-a-bk-v1-midi-tower-bez-bp-chernyi-1137447/
22,ATX ACCORD 3407 черный,Midi-Tower,https://items.s1.citilink.ru/1147989_v01_m.jpg,2770,0,https://www.citilink.ru/product/korpus-atx-accord-3407-midi-tower-bez-bp-chernyi-1147989/
23,mATX ACCORD A-SMB черный,Micro-Tower,https://items.s1.citilink.ru/1007311_v01_m.jpg,2760,0,https://www.citilink.ru/product/korpus-matx-accord-a-smb-micro-tower-bez-bp-chernyi-1007311/
24,ATX AEROCOOL Cylon белый,Midi-Tower,https://items.s1.citilink.ru/1199396_v01_m.jpg,2980,0,https://www.citilink.ru/product/korpus-atx-aerocool-cylon-midi-tower-bez-bp-belyi-1199396/
25,ATX ZALMAN ZM-T6 черный,Midi-Tower,https://items.s1.citilink.ru/1136754_v01_m.jpg,2400,0,https://www.citilink.ru/product/korpus-atx-zalman-zm-t6-midi-tower-bez-bp-chernyi-1136754/
26,ATX ACCORD ACC-B307 черный,Midi-Tower,https://items.s1.citilink.ru/338587_v01_m.jpg,2440,0,https://www.citilink.ru/product/korpus-atx-accord-acc-b307-midi-tower-bez-bp-chernyi-338587/
27,mATX THERMALTAKE Versa H17 черный,Micro-Tower,https://items.s1.citilink.ru/1014590_v01_m.jpg,3170,0,https://www.citilink.ru/product/korpus-matx-thermaltake-versa-h17-micro-tower-bez-bp-chernyi-1014590/
28,mATX ACCORD A-08B черный,Mini-Tower,https://items.s1.citilink.ru/949497_v01_m.jpg,2080,0,https://www.citilink.ru/product/korpus-matx-accord-a-08b-mini-tower-bez-bp-chernyi-949497/
29,ATX ZALMAN i3 edge черный,Midi-Tower,https://items.s1.citilink.ru/1071137_v01_m.jpg,3640,0,https://www.citilink.ru/product/korpus-atx-zalman-i3-edge-midi-tower-bez-bp-chernyi-1071137/
30,ATX ACCORD ACC-CL290B черный,Midi-Tower,https://items.s1.citilink.ru/1147825_v01_m.jpg,2410,0,https://www.citilink.ru/product/korpus-atx-accord-acc-cl290b-midi-tower-bez-bp-chernyi-1147825/
31,ATX ZALMAN N5 TF черный,Midi-Tower,https://items.s1.citilink.ru/1365633_v01_m.jpg,4030,0,https://www.citilink.ru/product/korpus-zalman-n5-tf-chernyi-bez-bp-atx-3x120mm-2xusb2-0-1xusb3-0-audio-1365633/
32,mATX AEROCOOL CS-105 черный,Mini-Tower,https://items.s1.citilink.ru/1103477_v01_m.jpg,2850,0,https://www.citilink.ru/product/korpus-matx-aerocool-cs-105-mini-tower-bez-bp-chernyi-1103477/
33,ATX FORMULA F-3402 черный,Midi-Tower,https://items.s1.citilink.ru/1169764_v01_m.jpg,3370,0,https://www.citilink.ru/product/korpus-atx-formula-f-3402-midi-tower-bez-bp-chernyi-1169764/
34,mATX THERMALTAKE Versa H18 Window черный,Micro-Tower,https://items.s1.citilink.ru/1014591_v01_m.jpg,3320,0,https://www.citilink.ru/product/korpus-matx-thermaltake-versa-h18-window-micro-tower-bez-bp-chernyi-1014591/
35,ATX FORMULA CL-3302B RGB черный,Midi-Tower,https://items.s1.citilink.ru/1147810_v01_m.jpg,2940,0,https://www.citilink.ru/product/korpus-atx-formula-cl-3302b-rgb-midi-tower-bez-bp-chernyi-1147810/
36,ATX ACCORD E-01 черный,Midi-Tower,https://items.s1.citilink.ru/405923_v01_m.jpg,2230,0,https://www.citilink.ru/product/korpus-atx-accord-e-01-midi-tower-bez-bp-chernyi-405923/
37,ATX ACCORD JP-II черный,Midi-Tower,https://items.s1.citilink.ru/1147993_v01_m.jpg,2430,0,https://www.citilink.ru/product/korpus-atx-accord-jp-ii-midi-tower-bez-bp-chernyi-1147993/
38,ATX FORMULA F-3401 V1 черный,Midi-Tower,https://items.s1.citilink.ru/1198599_v01_m.jpg,3930,0,https://www.citilink.ru/product/korpus-atx-formula-f-3401-v1-midi-tower-bez-bp-chernyi-1198599/
39,ATX AEROCOOL Bolt A-BK-v1 черный,Midi-Tower,https://items.s1.citilink.ru/1121615_v01_m.jpg,3210,0,https://www.citilink.ru/product/korpus-atx-aerocool-bolt-a-bk-v1-midi-tower-bez-bp-chernyi-1121615/
40,mATX ACCORD M-02B черный,Mini-Tower,https://items.s1.citilink.ru/917122_v01_m.jpg,2180,0,https://www.citilink.ru/product/korpus-matx-accord-m-02b-mini-tower-bez-bp-chernyi-917122/
41,ATX ACCORD JP-VI черный,Midi-Tower,https://items.s1.citilink.ru/1088663_v01_m.jpg,2640,0,https://www.citilink.ru/product/korpus-atx-accord-jp-vi-midi-tower-bez-bp-chernyi-1088663/
42,ATX ACCORD JP-X черный,Midi-Tower,https://items.s1.citilink.ru/1123217_v01_m.jpg,3370,0,https://www.citilink.ru/product/korpus-atx-accord-jp-x-midi-tower-bez-bp-chernyi-1123217/
43,ATX FORMULA CL-3301W TG белый,Midi-Tower,https://items.s1.citilink.ru/1179207_v01_m.jpg,3430,0,https://www.citilink.ru/product/korpus-atx-formula-cl-3301w-tg-midi-tower-bez-bp-belyi-1179207/
44,mATX ZALMAN ZM-T3 черный,Mini-Tower,https://items.s1.citilink.ru/843165_v01_m.jpg,3250,0,https://www.citilink.ru/product/korpus-matx-zalman-zm-t3-mini-tower-bez-bp-chernyi-843165/
45,ATX AEROCOOL Aero One Eclipse-G-BK-v1 черный,Midi-Tower,https://items.s1.citilink.ru/1184801_v01_m.jpg,5580,0,https://www.citilink.ru/product/korpus-atx-aerocool-aero-one-eclipse-g-bk-v1-midi-tower-bez-bp-chernyi-1184801/
46,mATX AEROCOOL CS-101 черный,Desktop,https://items.s1.citilink.ru/341224_v01_m.jpg,3820,0,https://www.citilink.ru/product/korpus-matx-aerocool-cs-101-desktop-400vt-chernyi-341224/
47,ATX FORMULA CL-3301B TG черный,Midi-Tower,https://items.s1.citilink.ru/1179215_v01_m.jpg,3120,0,https://www.citilink.ru/product/korpus-atx-formula-cl-3301b-tg-midi-tower-bez-bp-chernyi-1179215/
48,ATX ACCORD ACC-CT316B черный,Midi-Tower,https://items.s1.citilink.ru/1137445_v01_m.jpg,2770,0,https://www.citilink.ru/product/korpus-atx-accord-acc-ct316b-midi-tower-bez-bp-chernyi-1137445/
49,ATX AEROCOOL CS-1101 черный,Midi-Tower,https://items.s1.citilink.ru/396049_v01_m.jpg,2290,0,https://www.citilink.ru/product/korpus-atx-aerocool-cs-1101-midi-tower-bez-bp-chernyi-396049/
50,ATX ACCORD JP-IV черный,Midi-Tower,https://items.s1.citilink.ru/1075825_v01_m.jpg,2060,0,https://www.citilink.ru/product/korpus-atx-accord-jp-iv-midi-tower-bez-bp-chernyi-1075825/
51,mATX AEROCOOL Bolt Mini TG черный,Mini-Tower,https://items.s1.citilink.ru/1191681_v01_m.jpg,3170,0,https://www.citilink.ru/product/korpus-matx-aerocool-bolt-mini-tg-mini-tower-bez-bp-chernyi-1191681/
52,ATX ZALMAN Z3 Plus черный,Midi-Tower,https://items.s1.citilink.ru/929913_v01_m.jpg,3930,0,https://www.citilink.ru/product/korpus-atx-zalman-z3-plus-midi-tower-bez-bp-chernyi-929913/
53,ATX ACCORD A-30B черный,Midi-Tower,https://items.s1.citilink.ru/648982_v01_m.jpg,2280,0,https://www.citilink.ru/product/korpus-atx-accord-a-30b-midi-tower-bez-bp-chernyi-648982/
54,mATX LINKWORLD 727-21 черный,Mini-Tower,https://items.s1.citilink.ru/326506_v01_m.jpg,2080,0,https://www.citilink.ru/product/korpus-matx-linkworld-727-21-mini-tower-bez-bp-chernyi-326506/
55,ATX AEROCOOL Ore Saturn FRGB-G-BK-v1 черный,Midi-Tower,https://items.s1.citilink.ru/1217780_v01_m.jpg,3700,0,https://www.citilink.ru/product/korpus-aerocool-ore-saturn-frgb-g-bk-v1-chernyi-bez-bp-atx-4x120mm-2xu-1217780/
56,mATX ACCORD A-07B черный,Mini-Tower,https://items.s1.citilink.ru/917132_v01_m.jpg,2180,0,https://www.citilink.ru/product/korpus-matx-accord-a-07b-mini-tower-bez-bp-chernyi-917132/
57,ATX ZALMAN S1 черный,Midi-Tower,https://items.s1.citilink.ru/1121554_v01_m.jpg,2740,0,https://www.citilink.ru/product/korpus-atx-zalman-s1-midi-tower-bez-bp-chernyi-1121554/
58,ATX ZALMAN S4 черный,Midi-Tower,https://items.s1.citilink.ru/1358115_v01_m.jpg,2590,0,https://www.citilink.ru/product/korpus-atx-zalman-s4-midi-tower-bez-bp-chernyi-1358115/
59,mATX AEROCOOL Qs-182 черный,Mini-Tower,https://items.s1.citilink.ru/951689_v01_m.jpg,2970,0,https://www.citilink.ru/product/korpus-matx-aerocool-qs-182-mini-tower-bez-bp-chernyi-951689/
60,mATX AEROCOOL Qs-180 черный,Mini-Tower,https://items.s1.citilink.ru/951617_v01_m.jpg,2550,0,https://www.citilink.ru/product/korpus-matx-aerocool-qs-180-mini-tower-bez-bp-chernyi-951617/
61,ATX AEROCOOL Python-G-BK-v1 черный,Midi-Tower,https://items.s1.citilink.ru/1182844_v01_m.jpg,5150,0,https://www.citilink.ru/product/korpus-atx-aerocool-python-g-bk-v1-midi-tower-bez-bp-chernyi-1182844/
62,ATX ZALMAN N3 черный,Midi-Tower,https://items.s1.citilink.ru/1023952_v01_m.jpg,3730,0,https://www.citilink.ru/product/korpus-atx-zalman-n3-midi-tower-bez-bp-chernyi-1023952/
63,ATX ACCORD ACC-CT291 черный,Midi-Tower,https://items.s1.citilink.ru/1147830_v01_m.jpg,2380,0,https://www.citilink.ru/product/korpus-atx-accord-acc-ct291-midi-tower-bez-bp-chernyi-1147830/
64,mATX ZALMAN ZM-T4 черный,Mini-Tower,https://items.s1.citilink.ru/858433_v01_m.jpg,2650,0,https://www.citilink.ru/product/korpus-matx-zalman-zm-t4-mini-tower-bez-bp-chernyi-858433/
65,ATX AEROCOOL Glider Cosmo-G-BK-v1 черный,Midi-Tower,https://items.s1.citilink.ru/1217781_v01_m.jpg,3270,0,https://www.citilink.ru/product/korpus-aerocool-glider-cosmo-g-bk-v1-chernyi-bez-bp-atx-7x120mm-2xusb2-1217781/
66,ATX ZALMAN ZM-Z1 черный,Midi-Tower,https://items.s1.citilink.ru/890800_v01_m.jpg,3020,0,https://www.citilink.ru/product/korpus-atx-zalman-zm-z1-midi-tower-bez-bp-chernyi-890800/
67,ATX AEROCOOL CS-1102 черный,Midi-Tower,https://items.s1.citilink.ru/396050_v01_m.jpg,2340,0,https://www.citilink.ru/product/korpus-atx-aerocool-cs-1102-midi-tower-bez-bp-chernyi-396050/
68,ATX ZALMAN S5 белый,Midi-Tower,https://items.s1.citilink.ru/1358134_v01_m.jpg,3830,0,https://www.citilink.ru/product/korpus-atx-zalman-s5-midi-tower-bez-bp-belyi-1358134/
69,ATX AEROCOOL VS-1 черный,Midi-Tower,https://items.s1.citilink.ru/338855_v01_m.jpg,3580,0,https://www.citilink.ru/product/korpus-atx-aerocool-vs-1-midi-tower-bez-bp-chernyi-338855/
70,ATX AEROCOOL Shard A-BK-v черный,Midi-Tower,https://items.s1.citilink.ru/1121617_v01_m.jpg,2900,0,https://www.citilink.ru/product/korpus-atx-aerocool-shard-a-bk-v-midi-tower-bez-bp-chernyi-1121617/
71,ATX ACCORD K-16 черный,Midi-Tower,https://items.s1.citilink.ru/1426555_v01_m.jpg,1950,0,https://www.citilink.ru/product/korpus-atx-accord-k-16-bez-bp-chernyi-acc-k-16-1426555/
72,ATX AEROCOOL AirHawk Duo-G-BK-v1 черный,Midi-Tower,https://items.s1.citilink.ru/1184809_v01_m.jpg,6940,0,https://www.citilink.ru/product/korpus-atx-aerocool-airhawk-duo-g-bk-v1-midi-tower-bez-bp-chernyi-1184809/
73,ATX ZALMAN S4 Plus черный,Midi-Tower,https://items.s1.citilink.ru/1358128_v01_m.jpg,3390,0,https://www.citilink.ru/product/korpus-atx-zalman-s4-plus-midi-tower-bez-bp-chernyi-1358128/
74,ATX FORMULA CL-505B черный,Midi-Tower,https://items.s1.citilink.ru/1075787_v01_m.jpg,2920,0,https://www.citilink.ru/product/korpus-atx-formula-cl-505b-midi-tower-bez-bp-chernyi-1075787/
75,ATX ZALMAN ZM-T7 черный,Midi-Tower,https://items.s1.citilink.ru/1212203_v01_m.jpg,3090,0,https://www.citilink.ru/product/korpus-atx-zalman-zm-t7-midi-tower-bez-bp-chernyi-1212203/
76,ATX FORMULA F-3401 черный,Midi-Tower,https://items.s1.citilink.ru/1123266_v01_m.jpg,3920,0,https://www.citilink.ru/product/korpus-atx-formula-f-3401-midi-tower-bez-bp-chernyi-1123266/
77,ATX ZALMAN S5 черный,Midi-Tower,https://items.s1.citilink.ru/1358131_v01_m.jpg,4060,0,https://www.citilink.ru/product/korpus-atx-zalman-s5-midi-tower-bez-bp-chernyi-1358131/
78,mATX FORMULA FM-602 черный,Micro-Tower,https://items.s1.citilink.ru/307645_v01_m.jpg,4110,0,https://www.citilink.ru/product/korpus-matx-formula-fm-602-micro-tower-450vt-chernyi-307645/
79,ATX AEROCOOL AERO-300 FAW черный,Midi-Tower,https://items.s1.citilink.ru/442218_v01_m.jpg,2830,0,https://www.citilink.ru/product/korpus-atx-aerocool-aero-300-faw-midi-tower-bez-bp-chernyi-442218/
80,ATX LINKWORLD VC05-1011 черный,Mini-Tower,https://items.s1.citilink.ru/1123274_v01_m.jpg,2430,0,https://www.citilink.ru/product/korpus-atx-linkworld-vc05-1011-mini-tower-bez-bp-chernyi-1123274/
81,ATX FORMULA V-LINE 7706 черный,Midi-Tower,https://items.s1.citilink.ru/1170000_v01_m.jpg,4460,0,https://www.citilink.ru/product/korpus-atx-formula-v-line-7706-midi-tower-bez-bp-chernyi-1170000/
82,ATX AEROCOOL Hive-G-BK-v2 черный,Midi-Tower,https://items.s1.citilink.ru/1387715_v01_m.jpg,3930,0,https://www.citilink.ru/product/korpus-aerocool-hive-g-bk-v2-chernyi-bez-bp-atx-4x120mm-1xusb2-0-2xusb-1387715/
83,mATX ZALMAN M3 Plus черный,Mini-Tower,https://items.s1.citilink.ru/1386580_v01_m.jpg,4270,0,https://www.citilink.ru/product/korpus-zalman-m3-plus-chernyi-bez-bp-matx-4x120mm-2xusb2-0-1xusb3-0-au-1386580/
84,ATX AEROCOOL Quantum Mesh-G-BK-v2 черный,Midi-Tower,https://items.s1.citilink.ru/1418744_v01_m.jpg,3840,0,https://www.citilink.ru/product/korpus-aerocool-quantum-mesh-g-bk-v2-chernyi-bez-bp-atx-3x120mm-1xusb2-1418744/
85,ATX AEROCOOL AERO-300 черный,Midi-Tower,https://items.s1.citilink.ru/408441_v01_m.jpg,3130,0,https://www.citilink.ru/product/korpus-atx-aerocool-aero-300-midi-tower-bez-bp-chernyi-408441/
86,ATX ACCORD ACC-CT308 черный,Midi-Tower,https://items.s1.citilink.ru/1056326_v01_m.jpg,2480,0,https://www.citilink.ru/product/korpus-atx-accord-acc-ct308-midi-tower-bez-bp-chernyi-1056326/
87,ATX FRACTAL DESIGN Meshify C Blackout TG черный,Midi-Tower,https://items.s1.citilink.ru/486263_v01_m.jpg,7790,0,https://www.citilink.ru/product/korpus-atx-fractal-design-meshify-c-blackout-tg-midi-tower-bez-bp-cher-486263/
88,mATX THERMALTAKE Versa H15 черный,Micro-Tower,https://items.s1.citilink.ru/306773_v01_m.jpg,3440,0,https://www.citilink.ru/product/korpus-matx-thermaltake-versa-h15-micro-tower-bez-bp-chernyi-306773/
89,ATX ZALMAN Z3 черный,Midi-Tower,https://items.s1.citilink.ru/893540_v01_m.jpg,4610,0,https://www.citilink.ru/product/korpus-atx-zalman-z3-midi-tower-bez-bp-chernyi-893540/
90,ATX FRACTAL DESIGN FOCUS G Window белый,Midi-Tower,https://items.s1.citilink.ru/474488_v01_m.jpg,4900,0,https://www.citilink.ru/product/korpus-atx-fractal-design-focus-g-window-midi-tower-bez-bp-belyi-474488/
91,mATX AEROCOOL Playa Slim черный,Slim-Tower,https://items.s1.citilink.ru/1096394_v01_m.jpg,2970,0,https://www.citilink.ru/product/korpus-matx-aerocool-playa-slim-slim-tower-bez-bp-chernyi-1096394/
92,ATX ZALMAN Z3 PLUS белый,Midi-Tower,https://items.s1.citilink.ru/923096_v01_m.jpg,5000,0,https://www.citilink.ru/product/korpus-atx-zalman-z3-plus-midi-tower-bez-bp-belyi-923096/
93,ATX NZXT H510 CA-H510B-W1 белый,Midi-Tower,https://items.s1.citilink.ru/1167975_v01_m.jpg,7140,0,https://www.citilink.ru/product/korpus-atx-nzxt-h510-ca-h510b-w1-midi-tower-bez-bp-belyi-1167975/
94,mATX THERMALTAKE Core V21 черный,Micro-Tower,https://items.s1.citilink.ru/316425_v01_m.jpg,6810,0,https://www.citilink.ru/product/korpus-matx-thermaltake-core-v21-micro-tower-bez-bp-chernyi-316425/
95,ATX FRACTAL DESIGN Meshify C TG белый,Midi-Tower,https://items.s1.citilink.ru/1076805_v01_m.jpg,9420,0,https://www.citilink.ru/product/korpus-atx-fractal-design-meshify-c-tg-midi-tower-bez-bp-belyi-1076805/
96,ATX THERMALTAKE Level 20 MT ARGB черный,Midi-Tower,https://items.s1.citilink.ru/1106021_v01_m.jpg,6700,0,https://www.citilink.ru/product/korpus-atx-thermaltake-level-20-mt-argb-midi-tower-bez-bp-chernyi-1106021/
97,ATX FORMULA V-LINE 2055W белый,Midi-Tower,https://items.s1.citilink.ru/1417211_v01_m.jpg,3760,0,https://www.citilink.ru/product/korpus-formula-v-line-2055w-belyi-belyi-bez-bp-atx-1x120mm-2xusb2-0-1x-1417211/
98,miniITX THERMALTAKE Core V1 черный,Mini-Tower,https://items.s1.citilink.ru/950516_v01_m.jpg,4240,0,https://www.citilink.ru/product/korpus-miniitx-thermaltake-core-v1-mini-tower-bez-bp-chernyi-950516/
99,mATX THERMALTAKE Versa H13 черный,Micro-Tower,https://items.s1.citilink.ru/306766_v01_m.jpg,3720,0,https://www.citilink.ru/product/korpus-matx-thermaltake-versa-h13-micro-tower-bez-bp-chernyi-306766/
100,ATX FORMULA V-LINE FROST-07 черный,Midi-Tower,https://items.s1.citilink.ru/1209195_v01_m.jpg,4160,0,https://www.citilink.ru/product/korpus-formula-v-line-frost-07-chernyi-bez-bp-atx-3x120mm-2xusb2-0-1xu-1209195/
101,ATX THERMALTAKE Suppressor F31 черный,Midi-Tower,https://items.s1.citilink.ru/326785_v01_m.jpg,8910,0,https://www.citilink.ru/product/korpus-atx-thermaltake-suppressor-f31-midi-tower-bez-bp-chernyi-326785/
102,ATX AEROCOOL RIFT черный,Midi-Tower,https://items.s1.citilink.ru/1103502_v01_m.jpg,2980,0,https://www.citilink.ru/product/korpus-atx-aerocool-rift-midi-tower-bez-bp-chernyi-1103502/
103,ATX FORMULA V-LINE 7713 белый,Midi-Tower,https://items.s1.citilink.ru/1405929_v01_m.jpg,4860,0,https://www.citilink.ru/product/korpus-formula-v-line-7713-belyi-bez-bp-atx-3x120mm-2xusb2-0-1xusb3-0-1405929/
104,ATX ZALMAN S2 TG черный,Midi-Tower,https://items.s1.citilink.ru/1473761_v01_m.jpg,2690,0,https://www.citilink.ru/product/korpus-atx-zalman-s2-tg-bez-bp-chernyi-s2-tg-black-1473761/
105,miniITX LINKWORLD LC-820-01B LW1-65W черный,HTPC,https://items.s1.citilink.ru/528751_v01_m.jpg,3640,0,https://www.citilink.ru/product/korpus-miniitx-linkworld-lc-820-01b-lw1-65w-htpc-65vt-chernyi-528751/
106,ATX AEROCOOL RIFT BG черный,Midi-Tower,https://items.s1.citilink.ru/1181106_v01_m.jpg,3270,0,https://www.citilink.ru/product/korpus-atx-aerocool-rift-bg-midi-tower-bez-bp-chernyi-1181106/
107,ATX NZXT H510 CA-H510B-BR черный и красный,Midi-Tower,https://items.s1.citilink.ru/1167972_v01_m.jpg,6240,0,https://www.citilink.ru/product/korpus-atx-nzxt-h510-ca-h510b-br-midi-tower-bez-bp-chernyi-i-krasnyi-1167972/
108,ATX AEROCOOL SI-5101 Advance черный,Midi-Tower,https://items.s1.citilink.ru/1076321_v01_m.jpg,2790,0,https://www.citilink.ru/product/korpus-atx-aerocool-si-5101-advance-midi-tower-bez-bp-chernyi-1076321/
109,miniITX THERMALTAKE Suppressor F1 черный,Mini-Tower,https://items.s1.citilink.ru/326778_v01_m.jpg,4660,0,https://www.citilink.ru/product/korpus-miniitx-thermaltake-suppressor-f1-mini-tower-bez-bp-chernyi-326778/
110,miniITX THERMALTAKE Core V1 Snow белый,Desktop,https://items.s1.citilink.ru/1214623_v01_m.jpg,4450,0,https://www.citilink.ru/product/korpus-miniitx-thermaltake-core-v1-snow-desktop-bez-bp-belyi-1214623/
111,ATX THERMALTAKE Suppressor F31 TG черный,Midi-Tower,https://items.s1.citilink.ru/406332_v01_m.jpg,9210,0,https://www.citilink.ru/product/korpus-atx-thermaltake-suppressor-f31-tg-midi-tower-bez-bp-chernyi-406332/
112,ATX FRACTAL DESIGN Define S черный,Midi-Tower,https://items.s1.citilink.ru/305720_v01_m.jpg,9620,0,https://www.citilink.ru/product/korpus-atx-fractal-design-define-s-midi-tower-bez-bp-chernyi-305720/
113,ATX AEROCOOL Aero Engine RGB-G-BK-v2 черный,Midi-Tower,https://items.s1.citilink.ru/1121588_v01_m.jpg,3370,0,https://www.citilink.ru/product/korpus-atx-aerocool-aero-engine-rgb-g-bk-v2-midi-tower-bez-bp-chernyi-1121588/
114,ATX AEROCOOL Flo Saturn FRGB-G-BK-v1 черный,Midi-Tower,https://items.s1.citilink.ru/1217782_v01_m.jpg,7430,0,https://www.citilink.ru/product/korpus-aerocool-flo-saturn-frgb-g-bk-v1-chernyi-bez-bp-atx-1x120mm-2xu-1217782/
115,ATX FORMULA V-LINE F-3 черный,Midi-Tower,https://items.s1.citilink.ru/1415102_v01_m.jpg,4810,0,https://www.citilink.ru/product/korpus-formula-v-line-f-3-chernyi-bez-bp-atx-3x120mm-2xusb2-0-1xusb3-0-1415102/
116,miniITX FRACTAL DESIGN Node 202 черный,HTPC,https://items.s1.citilink.ru/305729_v01_m.jpg,6760,0,https://www.citilink.ru/product/korpus-miniitx-fractal-design-node-202-htpc-bez-bp-chernyi-305729/
117,ATX THERMALTAKE H200 TG Snow RGB белый,Midi-Tower,https://items.s1.citilink.ru/1148179_v01_m.jpg,7410,0,https://www.citilink.ru/product/korpus-atx-thermaltake-h200-tg-snow-rgb-midi-tower-bez-bp-belyi-1148179/
118,ATX ZALMAN S3 TG черный,Midi-Tower,https://items.s1.citilink.ru/1473757_v01_m.jpg,2790,0,https://www.citilink.ru/product/korpus-atx-zalman-s3-tg-bez-bp-chernyi-s3-tg-black-1473757/
119,ATX FORMULA V-LINE 2052 черный,Midi-Tower,https://items.s1.citilink.ru/1417210_v01_m.jpg,4210,0,https://www.citilink.ru/product/korpus-formula-v-line-2052-chernyi-chernyi-bez-bp-atx-1x120mm-2xusb2-0-1417210/
120,ATX FORMULA V-LINE 185G-03G черный,Midi-Tower,https://items.s1.citilink.ru/1086178_f01_m.jpg,3650,0,https://www.citilink.ru/product/korpus-atx-formula-v-line-185g-03g-midi-tower-bez-bp-chernyi-1086178/
121,ATX COOLER MASTER MasterBox Q500L черный,Midi-Tower,https://items.s1.citilink.ru/1446373_v01_m.jpg,4560,0,https://www.citilink.ru/product/korpus-atx-cooler-master-masterbox-q500l-midi-tower-bez-bp-chernyi-mcb-1446373/
122,ATX THERMALTAKE Versa H25 черный,Midi-Tower,https://items.s1.citilink.ru/977721_v01_m.jpg,3540,0,https://www.citilink.ru/product/korpus-atx-thermaltake-versa-h25-midi-tower-bez-bp-chernyi-977721/
123,ATX FORMULA F-3708 черный,Midi-Tower,https://items.s1.citilink.ru/1403258_v01_m.jpg,5300,0,https://www.citilink.ru/product/korpus-formula-f-3708-chernyi-bez-bp-atx-3x120mm-2xusb2-0-1xusb3-0-1xu-1403258/
124,ATX NZXT H510 CA-H510B-B1 черный,Midi-Tower,https://items.s1.citilink.ru/1167970_v01_m.jpg,6290,0,https://www.citilink.ru/product/korpus-atx-nzxt-h510-ca-h510b-b1-midi-tower-bez-bp-chernyi-1167970/
125,ATX FORMULA V-LINE 6000-RGB черный,Full-Tower,https://items.s1.citilink.ru/1086208_f01_m.jpg,10 710,0,https://www.citilink.ru/product/korpus-atx-formula-v-line-6000-rgb-full-tower-bez-bp-chernyi-1086208/
126,mATX AEROCOOL CS-107-A-BK-v1 черный,Mini-Tower,https://items.s1.citilink.ru/1440948_v01_m.jpg,2040,0,https://www.citilink.ru/product/korpus-matx-aerocool-cs-107-a-bk-v2-mini-tower-bez-bp-chernyi-accs-pc1-1440948/
127,ATX GIGABYTE C200 GB-C200G черный,Midi-Tower,https://items.s1.citilink.ru/1422653_v01_m.jpg,5750,0,https://www.citilink.ru/product/korpus-gigabyte-c200-gb-c200g-chernyi-bez-bp-atx-2x120mm-2xusb3-0-audi-1422653/
128,ATX FORMULA V-LINE 2057 черный,Midi-Tower,https://items.s1.citilink.ru/1417209_v01_m.jpg,4460,0,https://www.citilink.ru/product/korpus-formula-v-line-2057-chernyi-chernyi-bez-bp-atx-1x120mm-1x200mm-1417209/
129,mATX THERMALTAKE Level 20 VT черный,Micro-Tower,https://items.s1.citilink.ru/1076791_v01_m.jpg,7510,0,https://www.citilink.ru/product/korpus-matx-thermaltake-level-20-vt-micro-tower-bez-bp-chernyi-1076791/
130,ATX FORMULA V-LINE 7612 черный,Midi-Tower,https://items.s1.citilink.ru/1195001_v01_m.jpg,4910,0,https://www.citilink.ru/product/korpus-atx-formula-v-line-7612-midi-tower-bez-bp-chernyi-1195001/
131,ATX COOLER MASTER MasterBox K501L RGB TG черный,Midi-Tower,https://items.s1.citilink.ru/1446245_v01_m.jpg,3610,0,https://www.citilink.ru/product/korpus-atx-cooler-master-masterbox-k501l-rgb-tg-bez-bp-chernyi-mcb-k50-1446245/
132,ATX THERMALTAKE View 71 TG Snow белый,Full-Tower,https://items.s1.citilink.ru/1214627_v01_m.jpg,17 000,0,https://www.citilink.ru/product/korpus-atx-thermaltake-view-71-tg-snow-full-tower-bez-bp-belyi-1214627/
133,mATX FRACTAL DESIGN FOCUS G MINI Window черный,Mini-Tower,https://items.s1.citilink.ru/460934_v01_m.jpg,5700,0,https://www.citilink.ru/product/korpus-matx-fractal-design-focus-g-mini-window-mini-tower-bez-bp-chern-460934/
134,E-ATX NZXT H710i CA-H710i-W1 белый и черный,Midi-Tower,https://items.s1.citilink.ru/1167994_v01_m.jpg,15 790,0,https://www.citilink.ru/product/korpus-e-atx-nzxt-h710i-ca-h710i-w1-midi-tower-bez-bp-belyi-i-chernyi-1167994/
135,ATX THERMALTAKE Versa N26 черный,Midi-Tower,https://items.s1.citilink.ru/365403_v01_m.jpg,4410,0,https://www.citilink.ru/product/korpus-atx-thermaltake-versa-n26-midi-tower-bez-bp-chernyi-365403/
136,ATX THERMALTAKE H200 TG RGB черный,Midi-Tower,https://items.s1.citilink.ru/1148178_v01_m.jpg,5950,0,https://www.citilink.ru/product/korpus-atx-thermaltake-h200-tg-rgb-midi-tower-bez-bp-chernyi-1148178/
137,ATX FORMULA CT-723 черный,Midi-Tower,https://items.s1.citilink.ru/1170043_v01_m.jpg,3370,0,https://www.citilink.ru/product/korpus-atx-formula-ct-723-midi-tower-bez-bp-chernyi-1170043/
138,mATX FORMULA M-11B черный,Mini-Tower,https://items.s1.citilink.ru/1123264_v01_m.jpg,3570,0,https://www.citilink.ru/product/korpus-matx-formula-m-11b-mini-tower-bez-bp-chernyi-1123264/
139,mATX FRACTAL DESIGN Define Mini C TG черный,Mini-Tower,https://items.s1.citilink.ru/480135_v01_m.jpg,8020,0,https://www.citilink.ru/product/korpus-matx-fractal-design-define-mini-c-tg-mini-tower-bez-bp-chernyi-480135/
140,ATX THERMALTAKE Versa H21 черный,Midi-Tower,https://items.s1.citilink.ru/928301_v01_m.jpg,4460,0,https://www.citilink.ru/product/korpus-atx-thermaltake-versa-h21-midi-tower-bez-bp-chernyi-928301/
141,ATX FORMULA T-11B черный,Midi-Tower,https://items.s1.citilink.ru/1169765_v01_m.jpg,3670,0,https://www.citilink.ru/product/korpus-atx-formula-t-11b-midi-tower-bez-bp-chernyi-1169765/
142,mATX COOLER MASTER MasterBox Q300P черный,Mini-Tower,https://items.s1.citilink.ru/1446362_v01_m.jpg,5410,0,https://www.citilink.ru/product/korpus-matx-cooler-master-masterbox-q300p-mini-tower-bez-bp-chernyi-mc-1446362/
143,mATX AEROCOOL Trinity Mini-G-BK v2 черный,Mini-Tower,https://items.s1.citilink.ru/1440921_v01_m.jpg,4100,0,https://www.citilink.ru/product/korpus-matx-aerocool-trinity-mini-g-bk-v2-mini-tower-bez-bp-chernyi-ac-1440921/
144,ATX FRACTAL DESIGN FOCUS G Window черный,Midi-Tower,https://items.s1.citilink.ru/460933_v01_m.jpg,4900,0,https://www.citilink.ru/product/korpus-atx-fractal-design-focus-g-window-midi-tower-bez-bp-chernyi-460933/
145,ATX THERMALTAKE Versa H24 черный,Midi-Tower,https://items.s1.citilink.ru/977645_v01_m.jpg,3960,0,https://www.citilink.ru/product/korpus-atx-thermaltake-versa-h24-midi-tower-bez-bp-chernyi-977645/
146,ATX FORMULA V-LINE 7713 черный,Midi-Tower,https://items.s1.citilink.ru/1405922_v01_m.jpg,4210,0,https://www.citilink.ru/product/korpus-formula-v-line-7713-chernyi-bez-bp-atx-3x120mm-2xusb2-0-1xusb3-1405922/
147,ATX THERMALTAKE Versa H22 черный,Midi-Tower,https://items.s1.citilink.ru/928313_v01_m.jpg,3570,0,https://www.citilink.ru/product/korpus-atx-thermaltake-versa-h22-midi-tower-bez-bp-chernyi-928313/
148,E-ATX FRACTAL DESIGN Meshify S2 Blackout TG Dark черный,Midi-Tower,https://items.s1.citilink.ru/1123645_v01_m.jpg,14 390,0,https://www.citilink.ru/product/korpus-e-atx-fractal-design-meshify-s2-blackout-tg-dark-midi-tower-bez-1123645/
149,miniITX FRACTAL DESIGN Core 500 черный,Midi-Tower,https://items.s1.citilink.ru/359243_v01_m.jpg,5400,0,https://www.citilink.ru/product/korpus-miniitx-fractal-design-core-500-midi-tower-bez-bp-chernyi-359243/
150,E-ATX NZXT H710i CA-H710i-BR черный и красный,Midi-Tower,https://items.s1.citilink.ru/1167992_v01_m.jpg,15 100,0,https://www.citilink.ru/product/korpus-e-atx-nzxt-h710i-ca-h710i-br-midi-tower-bez-bp-chernyi-i-krasny-1167992/
151,ATX FORMULA V-LINE 2056B черный,Midi-Tower,https://items.s1.citilink.ru/1417208_v01_m.jpg,4010,0,https://www.citilink.ru/product/korpus-formula-v-line-2052b-chernyi-chernyi-bez-bp-atx-1xusb2-0-1xusb3-1417208/
152,mATX FORMULA V-LINE 7502 черный,Mini-Tower,https://items.s1.citilink.ru/1169768_v01_m.jpg,4240,0,https://www.citilink.ru/product/korpus-matx-formula-v-line-7502-mini-tower-bez-bp-chernyi-1169768/
153,ATX COOLER MASTER MasterBox MB511 RGB Mesh черный,Midi-Tower,https://items.s1.citilink.ru/1446186_v01_m.jpg,7240,0,https://www.citilink.ru/product/korpus-atx-cooler-master-masterbox-mb511-rgb-mesh-midi-tower-bez-bp-ch-1446186/
154,mATX THERMALTAKE V150 TG черный,Mini-Tower,https://items.s1.citilink.ru/1390880_v01_m.jpg,4720,0,https://www.citilink.ru/product/korpus-thermaltake-v150-tg-chernyi-bez-bp-matx-1x120mm-1x200mm-2xusb2-1390880/
155,ATX FRACTAL DESIGN Core 2300 черный,Midi-Tower,https://items.s1.citilink.ru/959875_v01_m.jpg,4850,0,https://www.citilink.ru/product/korpus-atx-fractal-design-core-2300-midi-tower-bez-bp-chernyi-959875/
156,ATX THERMALTAKE H350 TG RGB черный,Midi-Tower,https://items.s1.citilink.ru/1390916_v01_m.jpg,3930,0,https://www.citilink.ru/product/korpus-thermaltake-h350-tg-rgb-chernyi-bez-bp-atx-1x120mm-2xusb3-0-aud-1390916/
157,ATX THERMALTAKE H100 TG черный,Midi-Tower,https://items.s1.citilink.ru/1148177_v01_m.jpg,5080,0,https://www.citilink.ru/product/korpus-atx-thermaltake-h100-tg-midi-tower-bez-bp-chernyi-1148177/
158,ATX THERMALTAKE Core G3 черный,Mini-Tower,https://items.s1.citilink.ru/383883_v01_m.jpg,5910,0,https://www.citilink.ru/product/korpus-atx-thermaltake-core-g3-mini-tower-bez-bp-chernyi-383883/
159,mATX AEROCOOL CS-104-S-BK-v1 черный,Mini-Tower,https://items.s1.citilink.ru/1440939_v01_m.jpg,2570,0,https://www.citilink.ru/product/korpus-matx-aerocool-cs-104-s-bk-v1-mini-tower-bez-bp-chernyi-accs-pc1-1440939/
160,ATX FRACTAL DESIGN Meshify С Blackout TG Light черный,Midi-Tower,https://items.s1.citilink.ru/1367431_v01_m.jpg,8820,0,https://www.citilink.ru/product/korpus-fractal-design-meshify-s2-blackout-tg-light-chernyi-bez-bp-e-at-1367431/
161,mATX AEROCOOL Atomic-G-BK-v1 черный,Midi-Tower,https://items.s1.citilink.ru/1440904_v01_m.jpg,5750,0,https://www.citilink.ru/product/korpus-atx-aerocool-atomic-g-bk-v1-midi-tower-bez-bp-chernyi-1440904/
162,ATX FORMULA F-3703 черный,Midi-Tower,https://items.s1.citilink.ru/1403256_v01_m.jpg,4860,0,https://www.citilink.ru/product/korpus-formula-f-3703-chernyi-bez-bp-atx-1x120mm-1xusb3-0-1xusb3-1-aud-1403256/
163,ATX FORMULA V-LINE 2053 черный,Midi-Tower,https://items.s1.citilink.ru/1415094_v01_m.jpg,4860,0,https://www.citilink.ru/product/korpus-formula-v-line-2503-chernyi-bez-bp-atx-3x120mm-2xusb2-0-1xusb3-1415094/
164,ATX FRACTAL DESIGN Define S 2 черный,Midi-Tower,https://items.s1.citilink.ru/1091828_v01_m.jpg,14 280,0,https://www.citilink.ru/product/korpus-atx-fractal-design-define-s-2-midi-tower-bez-bp-chernyi-1091828/
165,mATX AEROCOOL CS-106-S-BK-v1 черный,Mini-Tower,https://items.s1.citilink.ru/1440945_v01_m.jpg,2470,0,https://www.citilink.ru/product/korpus-matx-aerocool-cs-106-s-bk-v1-bez-bp-chernyi-accs-pc13014-11-1440945/
166,E-ATX NZXT H710 CA-H710B-BR черный и красный,Midi-Tower,https://items.s1.citilink.ru/1167984_v01_m.jpg,12 200,0,https://www.citilink.ru/product/korpus-e-atx-nzxt-h710-ca-h710b-br-midi-tower-bez-bp-chernyi-i-krasnyi-1167984/
167,miniITX FRACTAL DESIGN Define Nano S черный,Midi-Tower,https://items.s1.citilink.ru/359168_v01_m.jpg,8030,0,https://www.citilink.ru/product/korpus-miniitx-fractal-design-define-nano-s-midi-tower-bez-bp-chernyi-359168/
168,ATX COOLER MASTER MasterBox Lite 5 черный,Midi-Tower,https://items.s1.citilink.ru/1446439_v01_m.jpg,3690,0,https://www.citilink.ru/product/korpus-atx-cooler-master-masterbox-lite-5-bez-bp-chernyi-mcw-l5s3-kann-1446439/
169,ATX THERMALTAKE View 23 TG ARGB черный,Midi-Tower,https://items.s1.citilink.ru/1106024_v01_m.jpg,8180,0,https://www.citilink.ru/product/korpus-atx-thermaltake-view-23-tg-argb-midi-tower-bez-bp-chernyi-1106024/
170,ATX COOLER MASTER MasterCase H500P White Mesh ARGB белый,Midi-Tower,https://items.s1.citilink.ru/1446299_v01_m.jpg,13 080,0,https://www.citilink.ru/product/korpus-atx-cooler-master-mastercase-h500p-white-mesh-argb-bez-bp-belyi-1446299/
171,E-ATX NZXT H710 CA-H710B-B1 черный,Midi-Tower,https://items.s1.citilink.ru/1167983_v01_m.jpg,11 400,0,https://www.citilink.ru/product/korpus-e-atx-nzxt-h710-ca-h710b-b1-midi-tower-bez-bp-chernyi-1167983/
172,ATX COOLER MASTER MasterBox K500LRED FAN черный,Midi-Tower,https://items.s1.citilink.ru/1446302_v01_m.jpg,4620,0,https://www.citilink.ru/product/korpus-atx-cooler-master-masterbox-k500lred-fan-bez-bp-chernyi-mcb-k50-1446302/
173,ATX COOLER MASTER MasterCase H500P Gunmetal Mesh ARGB темно-серый,Midi-Tower,https://items.s1.citilink.ru/1446296_v01_m.jpg,13 990,0,https://www.citilink.ru/product/korpus-atx-cooler-master-mastercase-h500p-gunmetal-mesh-argb-bez-bp-te-1446296/
174,mATX FRACTAL DESIGN Meshify Mini C TG черный,Mini-Tower,https://items.s1.citilink.ru/1049309_v01_m.jpg,8620,0,https://www.citilink.ru/product/korpus-matx-fractal-design-meshify-mini-c-tg-mini-tower-bez-bp-chernyi-1049309/
175,ATX THERMALTAKE Versa C22 RGB белый и черный,Midi-Tower,https://items.s1.citilink.ru/383909_v01_m.jpg,5320,0,https://www.citilink.ru/product/korpus-atx-thermaltake-versa-c22-rgb-midi-tower-bez-bp-belyi-i-chernyi-383909/
176,ATX NZXT H510i CA-H510i-B1 черный,Mini-Tower,https://items.s1.citilink.ru/1186598_v01_m.jpg,8080,0,https://www.citilink.ru/product/korpus-atx-nzxt-h510i-ca-h510i-b1-mini-tower-bez-bp-chernyi-1186598/
177,E-ATX NZXT H710 CA-H710B-W1 белый,Midi-Tower,https://items.s1.citilink.ru/1167990_v01_m.jpg,12 130,0,https://www.citilink.ru/product/korpus-e-atx-nzxt-h710-ca-h710b-w1-midi-tower-bez-bp-belyi-1167990/
178,ATX FORMULA V-LINE FLASH W белый,Midi-Tower,https://items.s1.citilink.ru/1415139_v01_m.jpg,4860,0,https://www.citilink.ru/product/korpus-formula-v-line-flash-whitw-belyi-bez-bp-atx-3x120mm-2xusb2-0-1x-1415139/
179,ATX FORMULA V-LINE FLASH B черный,Midi-Tower,https://items.s1.citilink.ru/1415123_v01_m.jpg,4610,0,https://www.citilink.ru/product/korpus-formula-v-line-flash-black-chernyi-bez-bp-atx-3x120mm-2xusb2-0-1415123/
180,ATX THERMALTAKE Versa T35 черный,Midi-Tower,https://items.s1.citilink.ru/1418120_v01_m.jpg,4710,0,https://www.citilink.ru/product/korpus-thermaltake-versa-t35-chernyi-bez-bp-atx-2x120mm-2xusb2-0-1xusb-1418120/
181,miniITX FRACTAL DESIGN Define Nano S Window черный,Mini-Tower,https://items.s1.citilink.ru/359188_v01_m.jpg,6110,0,https://www.citilink.ru/product/korpus-miniitx-fractal-design-define-nano-s-window-mini-tower-bez-bp-c-359188/
182,ATX COOLER MASTER MasterBox MB511 Mesh RED черный,Midi-Tower,https://items.s1.citilink.ru/1446169_v01_m.jpg,6000,0,https://www.citilink.ru/product/korpus-atx-cooler-master-masterbox-mb511-mesh-red-midi-tower-bez-bp-ch-1446169/
183,E-ATX FRACTAL DESIGN Meshify S2 Solid черный,Midi-Tower,https://items.s1.citilink.ru/1123644_v01_m.jpg,13 020,0,https://www.citilink.ru/product/korpus-e-atx-fractal-design-meshify-s2-solid-midi-tower-bez-bp-chernyi-1123644/
184,mATX THERMALTAKE AH T200 черный,Micro-Tower,https://items.s1.citilink.ru/1418093_v01_m.jpg,11 900,0,https://www.citilink.ru/product/korpus-thermaltake-ah-t200-chernyi-bez-bp-atx-8x120mm-8x140mm-3x200mm-1418093/
185,ATX THERMALTAKE A500 TG серый и черный,Midi-Tower,https://items.s1.citilink.ru/1170439_v01_m.jpg,19 590,0,https://www.citilink.ru/product/korpus-atx-thermaltake-a500-tg-midi-tower-bez-bp-seryi-i-chernyi-1170439/
186,ATX COOLER MASTER MasterCase H500M темно-серый,Midi-Tower,https://items.s1.citilink.ru/1446292_v01_m.jpg,17 990,0,https://www.citilink.ru/product/korpus-atx-cooler-master-mastercase-h500m-midi-tower-bez-bp-temno-sery-1446292/
187,ATX FRACTAL DESIGN Define S Window черный,Midi-Tower,https://items.s1.citilink.ru/359235_v01_m.jpg,7400,0,https://www.citilink.ru/product/korpus-atx-fractal-design-define-s-window-midi-tower-bez-bp-chernyi-359235/
188,ATX CORSAIR Carbide Series 678C белый,Midi-Tower,https://items.s1.citilink.ru/1484374_v01_m.jpg,18 290,0,https://www.citilink.ru/product/korpus-corsair-carbide-series-678c-belyi-bez-bp-atx-3x120mm-1x140mm-2x-1484374/
189,mATX AEROCOOL Atomic Lite-G-BK-v2 черный,Mini-Tower,https://items.s1.citilink.ru/1440920_v01_m.jpg,3890,0,https://www.citilink.ru/product/korpus-atx-aerocool-atomic-lite-g-bk-v2-bez-bp-chernyi-accs-pv33123-11-1440920/
190,ATX FORMULA V-LINE 7603 черный,Midi-Tower,https://items.s1.citilink.ru/1170046_v01_m.jpg,5840,0,https://www.citilink.ru/product/korpus-atx-formula-v-line-7603-midi-tower-bez-bp-chernyi-1170046/
191,ATX ZALMAN K1 Rev.B черный,Midi-Tower,https://items.s1.citilink.ru/1509239_v01_m.jpg,5700,0,https://www.citilink.ru/product/korpus-zalman-k1-rev-b-chernyi-bez-bp-atx-8x120mm-5x140mm-2xusb2-0-2xu-1509239/
192,ATX THERMALTAKE Suppressor F51 TG черный,Midi-Tower,https://items.s1.citilink.ru/1458749_v01_m.jpg,10 590,0,https://www.citilink.ru/product/korpus-atx-thermaltake-suppressor-f51-tg-bez-bp-chernyi-ca-1e3-00m1wn-1458749/
193,miniITX COOLER MASTER MasterBox NR200 Black черный,HTPC,https://items.s1.citilink.ru/1468718_v01_m.jpg,5690,0,https://www.citilink.ru/product/korpus-miniitx-cooler-master-masterbox-nr200-black-bez-bp-chernyi-mcb-1468718/
194,ATX CORSAIR Carbide Series 678C черный,Midi-Tower,https://items.s1.citilink.ru/1484327_v01_m.jpg,18 900,0,https://www.citilink.ru/product/korpus-corsair-carbide-series-678c-chernyi-bez-bp-atx-3x120mm-1x140mm-1484327/
195,ATX CORSAIR SPEC-OMEGA TG черный и белый,Midi-Tower,https://items.s1.citilink.ru/1484298_v01_m.jpg,10 610,0,https://www.citilink.ru/product/korpus-corsair-spec-omega-tg-chernyi-belyi-bez-bp-atx-3x120mm-1x140mm-1484298/
196,ATX CORSAIR SPEC-OMEGA TG черный,Midi-Tower,https://items.s1.citilink.ru/1484322_v01_m.jpg,10 450,0,https://www.citilink.ru/product/korpus-corsair-spec-omega-tg-chernyi-bez-bp-atx-3x120mm-1x140mm-2xusb3-1484322/
197,ATX THERMALTAKE View 71 TG черный,Full-Tower,https://items.s1.citilink.ru/498928_v01_m.jpg,15 810,0,https://www.citilink.ru/product/korpus-atx-thermaltake-view-71-tg-full-tower-bez-bp-chernyi-498928/
198,mATX FORMULA FM-608 черный,Micro-Tower,https://items.s1.citilink.ru/307580_v01_m.jpg,3520,0,https://www.citilink.ru/product/korpus-matx-formula-fm-608-micro-tower-450vt-chernyi-307580/
199,mATX COOLER MASTER MasterBox MB400L w ODD черный,Mini-Tower,https://items.s1.citilink.ru/1468663_v01_m.jpg,3590,0,https://www.citilink.ru/product/korpus-matx-cooler-master-masterbox-mb400l-w-odd-bez-bp-chernyi-mcb-b4-1468663/
200,ATX COOLER MASTER MasterBox Lite 5 RGB черный,Midi-Tower,https://items.s1.citilink.ru/1446443_v01_m.jpg,5790,0,https://www.citilink.ru/product/korpus-atx-cooler-master-masterbox-lite-5-rgb-bez-bp-chernyi-mcw-l5s3-1446443/
201,mATX THERMALTAKE AH T200 белый,Micro-Tower,https://items.s1.citilink.ru/1418097_v01_m.jpg,10 220,0,https://www.citilink.ru/product/korpus-thermaltake-ah-t200-belyi-bez-bp-atx-8x120mm-8x140mm-3x200mm-2x-1418097/
202,ATX FORMULA CL-3303B RGB черный,Midi-Tower,https://items.s1.citilink.ru/1393316_v01_m.jpg,3690,0,https://www.citilink.ru/product/korpus-formula-cl-3303b-rgb-chernyi-bez-bp-atx-6x120mm-2xusb2-0-1xusb3-1393316/
203,ATX THERMALTAKE H330 TG черный,Midi-Tower,https://items.s1.citilink.ru/1390911_v01_m.jpg,4260,0,https://www.citilink.ru/product/korpus-thermaltake-h330-tg-chernyi-bez-bp-atx-1x120mm-2xusb3-0-audio-b-1390911/
204,ATX THERMALTAKE S300 TG Snow белый,Midi-Tower,https://items.s1.citilink.ru/1204796_v01_m.jpg,7430,0,https://www.citilink.ru/product/korpus-atx-thermaltake-s300-tg-snow-midi-tower-bez-bp-belyi-1204796/
205,ATX FORMULA CT-732 черный,Midi-Tower,https://items.s1.citilink.ru/1170045_v01_m.jpg,3670,0,https://www.citilink.ru/product/korpus-atx-formula-ct-732-midi-tower-bez-bp-chernyi-1170045/
206,ATX FORMULA V-LINE 205X-02 черный,Midi-Tower,https://items.s1.citilink.ru/1123268_v01_m.jpg,4710,0,https://www.citilink.ru/product/korpus-atx-formula-v-line-205x-02-midi-tower-bez-bp-chernyi-1123268/
207,ATX THERMALTAKE Versa H23 черный,Midi-Tower,https://items.s1.citilink.ru/928319_v01_m.jpg,,0,https://www.citilink.ru/product/korpus-atx-thermaltake-versa-h23-midi-tower-bez-bp-chernyi-928319/
208,Thermaltake Versa T35 TG RGB черный без БП ATX 5x120mm 4x140mm 1x200mm 2xUS плохая упаковка,Midi-Tower,https://items.s1.citilink.ru/1390920_v01_m.jpg,,0,https://www.citilink.ru/product/korpus-thermaltake-versa-t35-tg-rgb-chernyi-bez-bp-atx-5x120mm-4x140mm-1461314/
209,Thermaltake H21 Versa CA-1B2-00M1NN-00 черный w/o PSU ATX SECC 1*120mm fan плохая упаковка,Midi-Tower,https://items.s1.citilink.ru/928301_v01_m.jpg,,0,https://www.citilink.ru/product/korpus-thermaltake-h21-versa-ca-1b2-00m1nn-00-chernyi-w-o-psu-atx-secc-958040/
210,Aerocool Ore Saturn FRGB-G-BK-v1 черный без БП ATX 3x120mm 2xUSB2.0 1xUSB3. плохая упаковка,Midi-Tower,https://items.s1.citilink.ru/1217780_v01_m.jpg,,0,https://www.citilink.ru/product/korpus-aerocool-ore-saturn-frgb-g-bk-v1-chernyi-bez-bp-atx-3x120mm-2xu-1404189/
211,ATX FORMULA V-LINE W03M черный,Midi-Tower,https://items.s1.citilink.ru/1195000_v01_m.jpg,,0,https://www.citilink.ru/product/korpus-atx-formula-v-line-w03m-midi-tower-bez-bp-chernyi-1195000/
212,ATX THERMALTAKE Core V71 TG черный,Full-Tower,https://items.s1.citilink.ru/1029545_v01_m.jpg,,0,https://www.citilink.ru/product/korpus-atx-thermaltake-core-v71-tg-full-tower-bez-bp-chernyi-1029545/
213,Thermaltake CA-1B8-00S Core V1 черный w/o PSU MiniITX SECC 1*2000mm 2*80mm плохая упаковка,Mini-Tower,https://items.s1.citilink.ru/950516_v01_m.jpg,,0,https://www.citilink.ru/product/korpus-thermaltake-ca-1b8-00s-core-v1-chernyi-w-o-psu-miniitx-secc-1-2-979383/
214,Linkworld LC-820-01B black 65W miniITX 2*USB AUDIO card reader c.2121 плохая упаковка,HTPC,https://items.s1.citilink.ru/528751_v01_m.jpg,,0,https://www.citilink.ru/product/korpus-linkworld-lc-820-01b-black-65w-miniitx-2-usb-audio-card-reader-638582/
215,LinkWorld 727-21 2 IRU черный без БП mATX 2xUSB3.0 audio плохая упаковка,2,https://static.citilink.ru/media/global/nophoto.png,,0,https://www.citilink.ru/product/korpus-linkworld-727-21-2-iru-chernyi-bez-bp-matx-2xusb3-0-audio-ploha-475663/
216,Aerocool Qs-240 черный без БП mATX 4x120mm 2xUSB2.0 1xUSB3.0 audio bott PSU плохая упаковка,Micro-Tower,https://items.s1.citilink.ru/338858_v01_m.jpg,,0,https://www.citilink.ru/product/korpus-aerocool-qs-240-chernyi-bez-bp-matx-4x120mm-2xusb2-0-1xusb3-0-a-431236/
217,Fractal Design Define Nano S Window черный без БП miniITX 4x120mm 3x140mm 2 плохая упаковка,Mini-Tower,https://items.s1.citilink.ru/359188_v01_m.jpg,,0,https://www.citilink.ru/product/korpus-fractal-design-define-nano-s-window-chernyi-bez-bp-miniitx-4x12-403322/
218,Thermaltake Suppressor F31 CA-1E3-00M1NN-00 черный w/o PSU ATX 2x120mm 2x20 плохая упаковка,Midi-Tower,https://items.s1.citilink.ru/326785_v01_m.jpg,,0,https://www.citilink.ru/product/korpus-thermaltake-suppressor-f31-ca-1e3-00m1nn-00-chernyi-w-o-psu-atx-345261/
219,Thermaltake Core V21 черный w/o PSU mATX 6x120mm 3x140mm 2xUSB3.0 audio bot плохая упаковка,Micro-Tower,https://items.s1.citilink.ru/316425_v01_m.jpg,,0,https://www.citilink.ru/product/korpus-thermaltake-core-v21-chernyi-w-o-psu-matx-6x120mm-3x140mm-2xusb-341025/
220,Thermaltake Versa H24 CA-1C1-00M1NN-00 черный w/o PSU ATX 2x120mm 1xUSB2.0 плохая упаковка,Midi-Tower,https://items.s1.citilink.ru/977645_v01_m.jpg,,0,https://www.citilink.ru/product/korpus-thermaltake-versa-h24-ca-1c1-00m1nn-00-chernyi-w-o-psu-atx-2x12-294904/;
221,Cooler Master MasterBox K500LRED FAN черный без БП ATX 3x120mm 2x140mm 2xUS плохая упаковка,Midi-Tower,https://items.s1.citilink.ru/1446302_v01_m.jpg,,0,https://www.citilink.ru/product/korpus-cooler-master-masterbox-k500lred-fan-chernyi-bez-bp-atx-3x120mm-1506674/
222,Formula V-LINE 2053 черный без БП ATX 3x120mm 2xUSB2.0 1xUSB3.0 audio bott плохая упаковка,Midi-Tower,https://items.s1.citilink.ru/1415094_v01_m.jpg,,0,https://www.citilink.ru/product/korpus-formula-v-line-2053-chernyi-bez-bp-atx-3x120mm-2xusb2-0-1xusb3-1503269/
223,Fractal Design Vector RS Blackout TG черный без БП E-ATX 6x120mm 6x140mm 2x плохая упаковка,Full-Tower,https://items.s1.citilink.ru/1169173_v01_m.jpg,,0,https://www.citilink.ru/product/korpus-fractal-design-vector-rs-blackout-tg-chernyi-bez-bp-e-atx-6x120-1490044/
224,Gigabyte AORUS С300 GB-AC300G черный без БП ATX 4x120mm 4x140mm 2xUSB3.0 au плохая упаковка,Full-Tower,https://items.s1.citilink.ru/1422651_v01_m.jpg,,0,https://www.citilink.ru/product/korpus-gigabyte-aorus-s300-gb-ac300g-chernyi-bez-bp-atx-4x120mm-4x140m-1485350/
225,Zalman K1 Rev.A черный без БП ATX 8x120mm 5x140mm 2xUSB2.0 2xUSB3.0 audio b плохая упаковка,Midi-Tower,https://items.s1.citilink.ru/1361892_v01_m.jpg,,0,https://www.citilink.ru/product/korpus-zalman-k1-rev-a-chernyi-bez-bp-atx-8x120mm-5x140mm-2xusb2-0-2xu-1393900/
226,Aerocool Aero One Frost-G-BK-v1 черный без БП ATX 4x120mm 2x140mm 2xUSB3.0 плохая упаковка,Midi-Tower,https://items.s1.citilink.ru/1184769_v01_m.jpg,,0,https://www.citilink.ru/product/korpus-aerocool-aero-one-frost-g-bk-v1-chernyi-bez-bp-atx-4x120mm-2x14-1204851/
227,Formula F-3401 V1 черный без БП ATX 3x120mm 2xUSB2.0 1xUSB3.0 audio bott плохая упаковка,Midi-Tower,https://items.s1.citilink.ru/1198599_v01_m.jpg,,0,https://www.citilink.ru/product/korpus-formula-f-3401-v1-chernyi-bez-bp-atx-3x120mm-2xusb2-0-1xusb3-0-1202443/
228,Thermaltake H200 TG RGB черный без БП ATX 2xUSB3.0 audio bott PSU плохая упаковка,Midi-Tower,https://items.s1.citilink.ru/1148178_v01_m.jpg,,0,https://www.citilink.ru/product/korpus-thermaltake-h200-tg-rgb-chernyi-bez-bp-atx-2xusb3-0-audio-bott-1180181/
229,Zalman ZM-T6 черный без БП ATX 3x120mm 2xUSB2.0 1xUSB3.0 audio плохая упаковка,Midi-Tower,https://items.s1.citilink.ru/1136754_v01_m.jpg,,0,https://www.citilink.ru/product/korpus-zalman-zm-t6-chernyi-bez-bp-atx-3x120mm-2xusb2-0-1xusb3-0-audio-1155815/
230,Formula F-3401 черный без БП ATX 3x120mm 2xUSB2.0 1xUSB3.0 audio bott PSU плохая упаковка,Midi-Tower,https://items.s1.citilink.ru/1123266_v01_m.jpg,,0,https://www.citilink.ru/product/korpus-formula-f-3401-chernyi-bez-bp-atx-3x120mm-2xusb2-0-1xusb3-0-aud-1155472/
231,Aerocool Cylon Mini черный без БП mATX 1x120mm 1xUSB2.0 1xUSB3.0 audio bott плохая упаковка,Mini-Tower,https://items.s1.citilink.ru/1076328_v01_m.jpg,,0,https://www.citilink.ru/product/korpus-aerocool-cylon-mini-chernyi-bez-bp-matx-1x120mm-1xusb2-0-1xusb3-1114384/
232,Formula V-LINE 6000-RGB черный без БП ATX 2x120mm 2xUSB2.0 2xUSB3.0 audio b плохая упаковка,Full-Tower,https://items.s1.citilink.ru/1086208_f01_m.jpg,,0,https://www.citilink.ru/product/korpus-formula-v-line-6000-rgb-chernyi-bez-bp-atx-2x120mm-2xusb2-0-2xu-1109874/
233,Zalman i3 черный без БП ATX 2x120mm 2xUSB2.0 1xUSB3.0 audio bott PSU плохая упаковка,Midi-Tower,https://items.s1.citilink.ru/1071135_v01_m.jpg,,0,https://www.citilink.ru/product/korpus-zalman-i3-chernyi-bez-bp-atx-2x120mm-2xusb2-0-1xusb3-0-audio-bo-1076428/
234,Thermaltake Versa J21 TG черный без БП ATX 2x120mm 2xUSB2.0 2xUSB3.0 audio плохая упаковка,Midi-Tower,https://items.s1.citilink.ru/1031630_v01_m.jpg,,0,https://www.citilink.ru/product/korpus-thermaltake-versa-j21-tg-chernyi-bez-bp-atx-2x120mm-2xusb2-0-2x-1076112/
235,Thermaltake Versa H18 Window черный без БП mATX 2xUSB2.0 1xUSB3.0 audio bot плохая упаковка,Micro-Tower,https://items.s1.citilink.ru/1014591_v01_m.jpg,,0,https://www.citilink.ru/product/korpus-thermaltake-versa-h18-window-chernyi-bez-bp-matx-2xusb2-0-1xusb-1045037/
236,Aerocool CS-101 черный 400W miniITX 1x80mm 2xUSB3.0 audio плохая упаковка,Desktop,https://items.s1.citilink.ru/341224_v01_m.jpg,,0,https://www.citilink.ru/product/korpus-aerocool-cs-101-chernyi-400w-miniitx-1x80mm-2xusb3-0-audio-ploh-385266/
237,Zalman S2 черный без БП ATX 2x120mm 2xUSB2.0 1xUSB3.0 audio bott PSU плохая упаковка,Midi-Tower,https://items.s1.citilink.ru/1112667_v01_m.jpg,,0,https://www.citilink.ru/product/korpus-zalman-s2-chernyi-bez-bp-atx-2x120mm-2xusb2-0-1xusb3-0-audio-bo-1130991/
238,Cooler Master MasterBox K501L RGB TG черный без БП ATX 5x120mm 4x140mm 1xUS плохая упаковка,Midi-Tower,https://items.s1.citilink.ru/1446245_v01_m.jpg,,0,https://www.citilink.ru/product/korpus-cooler-master-masterbox-k501l-rgb-tg-chernyi-bez-bp-atx-5x120mm-1490795/
239,NZXT H510 CA-H510i-BR черный/красный без БП ATX 2x120mm 1xUSB3.0 1xUSB3.1 a мех.повреждения,Midi-Tower,https://items.s1.citilink.ru/1167980_v01_m.jpg,,0,https://www.citilink.ru/product/korpus-nzxt-h510-ca-h510i-br-chernyi-krasnyi-bez-bp-atx-2x120mm-1xusb3-M00203622/
240,Formula GM-706W белый без БП mATX 1xUSB2.0 1xUSB3.0 audio bott PSU плохая упаковка,Mini-Tower,https://items.s1.citilink.ru/1075776_v01_m.jpg,,0,https://www.citilink.ru/product/korpus-formula-gm-706w-belyi-bez-bp-matx-1xusb2-0-1xusb3-0-audio-bott-1116298/;